Date/Time,Column,Status,Turbid. [FTUeq]1750.00-0.00_1,[Turbid._0.0_1.0_0.0_0.0],NO3-Neq [mg/l]87.50-0.00_1,[NO3-Neq_0.0_1.0_0.0_0.0],TOCeq [mg/l]218.75-0.00_1,[TOCeq_0.0_1.0_0.0_0.0],DOCeq [mg/l]112.50-0.00_1,[DOCeq_0.0_1.0_0.0_0.0],SAC254T [Abs/m]NaN-NaN_1,[SAC254T_0.0_1.0_0.0_0.0],SAC436T [Abs/m]NaN-NaN_1,[SAC436T_0.0_1.0_0.0_0.0],Temp. [C]NaN-NaN_1,[Temp._0.0_1.0_0.0_0.0],analogIN []NaN-NaN_1,[analogIN_0.0_1.0_0.0_0.0],Date/Time,Status_0,200,202.5,205,207.5,210,212.5,215,217.5,220,222.5,225,227.5,230,232.5,235,237.5,240,242.5,245,247.5,250,252.5,255,257.5,260,262.5,265,267.5,270,272.5,275,277.5,280,282.5,285,287.5,290,292.5,295,297.5,300,302.5,305,307.5,310,312.5,315,317.5,320,322.5,325,327.5,330,332.5,335,337.5,340,342.5,345,347.5,350,352.5,355,357.5,360,362.5,365,367.5,370,372.5,375,377.5,380,382.5,385,387.5,390,392.5,395,397.5,400,402.5,405,407.5,410,412.5,415,417.5,420,422.5,425,427.5,430,432.5,435,437.5,440,442.5,445,447.5,450,452.5,455,457.5,460,462.5,465,467.5,470,472.5,475,477.5,480,482.5,485,487.5,490,492.5,495,497.5,500,502.5,505,507.5,510,512.5,515,517.5,520,522.5,525,527.5,530,532.5,535,537.5,540,542.5,545,547.5,550,552.5,555,557.5,560,562.5,565,567.5,570,572.5,575,577.5,580,582.5,585,587.5,590,592.5,595,597.5,600,602.5,605,607.5,610,612.5,615,617.5,620,622.5,625,627.5,630,632.5,635,637.5,640,642.5,645,647.5,650,652.5,655,657.5,660,662.5,665,667.5,670,672.5,675,677.5,680,682.5,685,687.5,690,692.5,695,697.5,700,702.5,705,707.5,710,712.5,715,717.5,720,722.5,725,727.5,730,732.5,735,737.5,740,742.5,745,747.5,750,TAN,NO3,DOC
2017.02.28  11:05:00,1,Ok,0,1,11.566,0,16.756,0,17.534,0,NaN,NaN,NaN,NaN,26.5,0,NaN,NaN,2017.02.28  11:05:00,Ok,392.695,389.989,381.608,364.3273,344.0029,328.3918,314.6924,294.8988,266.4572,228.8854,185.7479,151.2307,130.2237,110.1127,88.7799,72.6317,61.3713,54.2239,49.5946,45.6586,42.9441,41.2199,39.7518,37.8381,36.1167,35.7346,35.6016,34.928,34.025,33.2472,32.8574,32.6225,32.0508,31.0939,30.1654,29.3004,28.3995,27.2706,25.8393,24.7294,24.0401,23.3513,22.6369,21.7198,20.6284,19.9738,19.8801,19.7836,19.4142,18.8539,18.3737,18.024,17.8326,17.359,16.5533,16.0383,15.5741,14.6725,14.0563,13.6618,13.1454,12.4541,11.3908,10.4108,9.6237,8.8408,8.9579,9.5895,9.8715,10.4707,10.8625,10.888,10.9268,10.689,10.212,9.8226,9.149,8.4522,8.4198,8.3924,8.2823,7.9355,6.7857,5.8609,5.0686,4.2458,3.3302,2.2955,1.7141,1.5972,1.2718,1.0753,1.2439,0.9756,0.5474,0.3711,-0.0687,-0.2918,-0.2718,-0.483,-0.7524,-0.7455,-0.6937,-0.6996,-1.2574,-1.7737,-1.4171,-1.1379,-1.0937,-0.7169,-0.5111,-0.6855,-0.6841,-1.2413,-2.8603,-3.6364,-3.3726,-2.6923,-2.4819,-2.0602,-1.1475,-0.9752,-0.8292,-0.7704,-1.1253,-1.6556,-1.9492,-1.934,-2.0829,-2.4955,-2.2803,-2.4001,-3.7725,-5.0722,-5.0147,-3.9695,-3.6318,-4.1211,-4.4038,-4.4261,-3.9812,-3.3815,-2.6945,-2.3392,-2.0991,-2.0175,-2.2964,-2.4841,-2.3866,-2.3769,-3.2773,-3.2143,-2.8363,-2.5929,-2.1565,-2.1313,-1.5878,-1.4585,-1.9005,-1.873,-2.0551,-2.2763,-2.0251,-2.0229,-2.5901,-2.8069,-2.5692,-2.2102,-1.1502,-0.4671,-0.5874,-0.7326,-0.9446,-0.8329,-0.6811,-0.7754,-0.9049,-0.8996,-0.695,-0.3878,-0.0092,0.1456,-0.4358,-0.2955,0.1851,-0.5209,-0.4746,-0.4241,-0.9858,0.1101,0.7818,-0.1456,-0.2469,0.5578,0.0953,-0.8875,-0.7021,-0.1089,-0.2763,-0.7709,-0.4538,-0.0932,-0.6825,-1.05,-0.8322,-0.9799,-0.8042,-0.032,-0.0806,-0.5606,-0.4536,-0.7748,-1.0555,-0.485,-0.2785,NaN,NaN,NaN,NaN,NaN,NaN,,,4.73
2017.02.28  11:10:00,2,Ok,0,1,17.137,0,15.671,0,16.421,0,NaN,NaN,NaN,NaN,26.5,0,NaN,NaN,2017.02.28  11:10:00,Ok,395.953,394.9482,388.6157,371.591,352.7783,342.8345,338.8844,331.7309,313.2662,275.9671,223.9191,179.5166,151.3553,123.4015,94.3609,73.4481,59.716,51.5816,46.7328,42.7773,40.1303,38.6044,37.299,35.4263,33.6993,33.2544,33.1495,32.4614,31.4961,30.6977,30.2982,30.0656,29.6161,28.7659,27.9317,27.2407,26.4971,25.5196,24.2151,23.2095,22.6255,22.0567,21.4136,20.5271,19.4868,18.8572,18.7641,18.6659,18.368,17.8863,17.3751,17.033,16.8034,16.3597,15.6737,15.2253,14.7848,13.9226,13.3076,12.8882,12.4519,11.808,10.7738,9.8018,9.0108,8.2204,8.389,9.0567,9.343,9.9996,10.4434,10.457,10.4634,10.2157,9.7412,9.429,8.7706,8.045,7.9861,7.9895,7.9701,7.6199,6.4609,5.5281,4.7218,3.905,3.0395,2.0409,1.4641,1.343,1.0242,0.8378,0.9934,0.7322,0.3125,0.1589,-0.2592,-0.4857,-0.4653,-0.6882,-0.9717,-0.9523,-0.8715,-0.8582,-1.4437,-1.9594,-1.5877,-1.2915,-1.2203,-0.8328,-0.6666,-0.8553,-0.8389,-1.4033,-3.011,-3.7927,-3.5377,-2.8352,-2.6073,-2.232,-1.3431,-1.1337,-0.9607,-0.8558,-1.17,-1.742,-2.0923,-2.0788,-2.1954,-2.5579,-2.3504,-2.5242,-3.8898,-5.1937,-5.1286,-4.0496,-3.7168,-4.2394,-4.5266,-4.513,-4.0582,-3.5014,-2.7527,-2.3727,-2.1971,-2.0865,-2.3488,-2.5727,-2.4823,-2.4604,-3.2806,-3.2253,-2.9041,-2.7177,-2.312,-2.2097,-1.6153,-1.5321,-1.9952,-1.9171,-2.0804,-2.3813,-2.0501,-2.1077,-2.7195,-2.7998,-2.5813,-2.3496,-1.349,-0.6405,-0.6789,-0.7634,-1.0129,-0.9506,-0.8653,-0.8776,-0.9713,-0.9695,-0.6419,-0.3727,-0.2321,0.046,-0.4884,-0.3342,0.1151,-0.6774,-0.627,-0.6124,-1.1265,-0.0563,0.4776,-0.3499,-0.3352,0.309,-0.1635,-1.2402,-0.9652,-0.0181,-0.1737,-0.8978,-0.6468,-0.4115,-0.937,-1.2143,-1.0412,-1.1839,-1.0648,-0.2852,-0.4448,-0.7865,-0.4534,-0.755,-1.2113,-0.8019,-0.5079,NaN,NaN,NaN,NaN,NaN,NaN,,,2.1
2017.02.28  11:15:00,3,Ok,0,1,13.442,0,15.991,0,16.806,0,NaN,NaN,NaN,NaN,26.5,0,NaN,NaN,2017.02.28  11:15:00,Ok,392.3035,390.2622,383.3632,365.69,345.1892,332.6763,323.595,307.813,282.0248,243.8076,197.0156,159.0072,135.5918,112.9718,89.153,71.4332,59.3953,52.0034,47.3862,43.515,40.9109,39.3611,38.0252,36.1732,34.4752,34.0534,33.9519,33.2933,32.3654,31.5675,31.1726,30.9379,30.4512,29.6226,28.7428,27.9405,27.131,26.0937,24.7612,23.7183,23.0875,22.4675,21.8178,20.9523,19.8924,19.2553,19.147,19.0378,18.733,18.2614,17.7462,17.3431,17.0959,16.6739,16.0091,15.5676,15.1081,14.216,13.6408,13.2633,12.7578,12.115,11.08,10.11,9.3119,8.5106,8.6691,9.3023,9.5643,10.2135,10.6307,10.6603,10.672,10.404,9.9328,9.585,8.9163,8.2752,8.2293,8.1648,8.1129,7.7953,6.6562,5.6988,4.8858,4.0894,3.1882,2.1556,1.6142,1.5099,1.1859,1.0161,1.1832,0.9051,0.4849,0.315,-0.1059,-0.3178,-0.2982,-0.5239,-0.8029,-0.7722,-0.7081,-0.7025,-1.2833,-1.8086,-1.4253,-1.1273,-1.1004,-0.6998,-0.5017,-0.7078,-0.6732,-1.2202,-2.8327,-3.6315,-3.4012,-2.6677,-2.4327,-2.0407,-1.1423,-0.966,-0.82,-0.7336,-1.0278,-1.5968,-1.9326,-1.9507,-2.1004,-2.4183,-2.2327,-2.4048,-3.7502,-5.0435,-4.9783,-3.8993,-3.5829,-4.0913,-4.3433,-4.3262,-3.8767,-3.3316,-2.6789,-2.1997,-2.0072,-2.0144,-2.2124,-2.4244,-2.3587,-2.3463,-3.156,-3.1016,-2.7561,-2.548,-2.1904,-2.1153,-1.4922,-1.394,-1.8594,-1.8074,-1.9541,-2.1909,-1.9173,-1.9821,-2.5993,-2.7341,-2.4722,-2.2248,-1.2384,-0.5283,-0.5775,-0.6405,-0.7894,-0.703,-0.7284,-0.8683,-1.0165,-0.8814,-0.5326,-0.407,-0.1904,0.0976,-0.3479,-0.2385,0.029,-0.6899,-0.5233,-0.4449,-0.999,0.0593,0.6688,-0.1921,-0.3122,0.417,0.1028,-0.9919,-0.9282,-0.1226,-0.2039,-0.7559,-0.5531,-0.5057,-0.8966,-0.9544,-0.7858,-1.0332,-0.8715,-0.1719,-0.3388,-0.6094,-0.4258,-0.8207,-1.1509,-0.6556,-0.3608,NaN,NaN,NaN,NaN,NaN,NaN,,,2.36
2017.02.28  11:20:00,4,Ok,0,1,21.08,0,14.857,0,15.676,0,NaN,NaN,NaN,NaN,26.5,0,NaN,NaN,2017.02.28  11:20:00,Ok,397.6148,396.104,389.6106,373.358,355.503,346.6064,345.0788,343.058,331.9102,299.5268,246.2366,197.8952,165.6009,132.4318,98.2803,74.1182,58.5808,49.6986,44.6693,40.6847,38.0705,36.6355,35.4243,33.5678,31.8398,31.3945,31.2281,30.4969,29.4808,28.6082,28.236,28.0777,27.6642,26.8704,26.1264,25.548,24.9192,24.0325,22.8366,21.9108,21.376,20.8509,20.2578,19.432,18.4156,17.82,17.7771,17.7004,17.4073,16.9295,16.4285,16.1002,16.0143,15.6366,14.9121,14.467,14.0745,13.2568,12.6424,12.2498,11.824,11.2001,10.1839,9.246,8.4878,7.7141,7.8648,8.5496,8.8893,9.5579,9.9547,9.9773,10.0105,9.7493,9.3548,9.0423,8.3683,7.6932,7.6843,7.6774,7.6285,7.2794,6.0807,5.1848,4.4195,3.5909,2.7207,1.7282,1.1799,1.1052,0.8002,0.6054,0.7554,0.5051,0.0914,-0.0776,-0.4744,-0.6791,-0.6606,-0.8688,-1.1468,-1.1392,-1.0777,-1.0737,-1.633,-2.143,-1.7729,-1.4809,-1.4533,-1.0486,-0.8749,-1.0418,-0.9619,-1.5312,-3.1414,-3.9336,-3.6927,-2.9602,-2.736,-2.3832,-1.49,-1.2558,-1.1053,-1.0375,-1.3911,-1.9114,-2.1636,-2.1558,-2.3167,-2.6754,-2.5148,-2.6824,-3.9924,-5.2508,-5.1518,-4.1392,-3.8511,-4.3248,-4.5715,-4.5664,-4.1306,-3.5841,-2.8915,-2.4918,-2.261,-2.1665,-2.4019,-2.6449,-2.5793,-2.5448,-3.3774,-3.3579,-2.9937,-2.735,-2.3778,-2.3042,-1.7095,-1.5972,-2.0367,-1.9831,-2.0789,-2.4001,-2.1585,-2.1903,-2.8163,-2.9658,-2.6693,-2.3469,-1.3108,-0.5899,-0.7454,-0.8373,-1.0241,-1.0139,-0.885,-1.0133,-1.0128,-0.9856,-0.7821,-0.4334,-0.2991,-0.1186,-0.612,-0.4337,-0.022,-0.7366,-0.6957,-0.5726,-1.0833,-0.0882,0.4983,-0.2534,-0.2906,0.2186,-0.215,-1.2916,-1.1194,-0.263,-0.3295,-0.9414,-0.7563,-0.602,-1.0049,-1.1206,-1.0772,-1.2365,-0.8986,-0.1051,-0.2937,-0.7449,-0.6838,-1.0212,-1.3119,-0.8189,-0.4506,NaN,NaN,NaN,NaN,NaN,NaN,,,1.46
2017.02.28  11:25:00,5,Ok,0,1,13.888,0,16.407,0,17.07,0,NaN,NaN,NaN,NaN,26.4,0,NaN,NaN,2017.02.28  11:25:00,Ok,392.2236,391.639,384.9582,366.8256,346.9852,335.1779,326.9516,313.1481,288.768,250.244,202.376,163.3636,139.2287,115.818,91.2289,73.0523,60.7757,53.2343,48.5286,44.6295,41.9473,40.3427,39.0094,37.1154,35.3948,35.0135,34.9053,34.2316,33.2865,32.4565,32.0711,31.8475,31.3532,30.4306,29.5027,28.7341,27.8856,26.7761,25.4106,24.3545,23.7164,23.0781,22.3906,21.4954,20.4161,19.7312,19.6257,19.5414,19.1739,18.7014,18.1615,17.7149,17.5174,17.0958,16.4067,15.9907,15.5362,14.6281,13.9677,13.5676,13.1194,12.4393,11.3933,10.435,9.6446,8.8874,9.0329,9.6377,9.9398,10.5587,10.955,11.0015,11.0261,10.7946,10.3484,9.9708,9.302,8.6356,8.5468,8.489,8.4444,8.0969,6.9386,6.019,5.1918,4.3742,3.5191,2.4928,1.9354,1.8331,1.4881,1.3044,1.4577,1.1698,0.7574,0.5916,0.1847,-0.0646,-0.0521,-0.2526,-0.5282,-0.5139,-0.4651,-0.4696,-1.0328,-1.5486,-1.175,-0.8708,-0.8481,-0.4654,-0.2923,-0.4814,-0.4342,-0.9862,-2.5804,-3.3897,-3.1695,-2.457,-2.2161,-1.8362,-0.9598,-0.7613,-0.6343,-0.5486,-0.8725,-1.4406,-1.7459,-1.7172,-1.8139,-2.1669,-2.0042,-2.1973,-3.5792,-4.8339,-4.739,-3.7285,-3.4246,-3.9059,-4.1715,-4.1775,-3.7271,-3.152,-2.4531,-2.039,-1.8221,-1.7744,-2.0091,-2.2227,-2.1504,-2.1176,-2.9608,-2.9822,-2.6445,-2.3775,-1.9885,-1.8824,-1.3017,-1.2099,-1.6578,-1.6445,-1.774,-2.0063,-1.7755,-1.7823,-2.4087,-2.5859,-2.3645,-2.0694,-0.9593,-0.27,-0.4584,-0.5254,-0.6647,-0.6301,-0.5504,-0.6245,-0.7804,-0.7827,-0.4506,-0.2138,-0.089,0.1442,-0.2931,-0.0026,0.3335,-0.546,-0.5028,-0.444,-0.9339,0.1381,0.7825,-0.0618,-0.17,0.4777,0.0047,-0.9697,-0.7169,0.1085,-0.0147,-0.669,-0.3777,0.0006,-0.4633,-0.7839,-0.7067,-0.9416,-0.6822,-0.0601,-0.207,-0.55,-0.3982,-0.5983,-0.9287,-0.6172,-0.3142,NaN,NaN,NaN,NaN,NaN,NaN,,,2.15
2017.02.28  11:30:00,6,Ok,0,1,16.034,0,15.499,0,16.232,0,NaN,NaN,NaN,NaN,26.5,0,NaN,NaN,2017.02.28  11:30:00,Ok,395.1744,393.0054,386.1174,369.6742,350.7908,339.8766,334.3547,325.3691,304.7893,266.5818,215.2748,172.1749,145.1846,118.7899,91.3776,71.5077,58.4214,50.6587,46.0149,42.226,39.6513,38.1572,36.9131,35.072,33.3633,32.9406,32.8383,32.1554,31.177,30.386,30.0151,29.8183,29.3624,28.527,27.7266,27.021,26.2509,25.2798,24.0104,23.0003,22.4346,21.8715,21.2177,20.3229,19.2796,18.6888,18.6043,18.5024,18.2031,17.748,17.2667,16.8577,16.6671,16.2943,15.5721,15.1449,14.7524,13.878,13.2602,12.8346,12.3615,11.7469,10.7199,9.7618,8.9692,8.1985,8.3796,9.0282,9.3238,9.9832,10.3737,10.3833,10.4463,10.2138,9.6957,9.3589,8.7243,8.0434,7.9885,7.9432,7.9326,7.586,6.4117,5.5458,4.7839,3.9347,3.038,2.0349,1.4768,1.3897,1.0364,0.8468,1.0119,0.7248,0.3155,0.1637,-0.25,-0.4844,-0.4327,-0.6407,-0.9506,-0.9425,-0.89,-0.8823,-1.4262,-1.9298,-1.5724,-1.2816,-1.2395,-0.8314,-0.635,-0.8319,-0.8298,-1.3766,-2.9368,-3.7338,-3.5231,-2.8041,-2.5571,-2.1758,-1.3095,-1.0972,-0.9453,-0.8404,-1.1537,-1.7292,-2.0033,-1.9836,-2.1459,-2.5248,-2.3168,-2.5201,-3.8904,-5.1017,-4.9929,-3.9672,-3.7064,-4.1968,-4.4716,-4.4641,-3.9845,-3.4285,-2.7525,-2.3429,-2.1496,-2.0827,-2.2541,-2.4382,-2.4171,-2.4567,-3.2286,-3.1729,-2.8627,-2.6342,-2.2393,-2.1486,-1.5931,-1.4999,-1.9521,-1.8709,-1.9233,-2.2571,-2.0285,-2.0198,-2.646,-2.8155,-2.6351,-2.2772,-1.1328,-0.4708,-0.6541,-0.7249,-0.861,-0.811,-0.7973,-0.9004,-1.0557,-0.9454,-0.5494,-0.4212,-0.2303,0.0062,-0.4692,-0.2757,0.1826,-0.609,-0.6054,-0.5529,-1.0747,0.0145,0.5809,-0.2982,-0.4401,0.1819,-0.181,-1.1585,-0.9873,-0.1564,-0.1789,-0.8642,-0.5943,-0.4083,-0.8838,-0.9736,-0.8945,-1.1928,-0.8892,-0.1609,-0.479,-0.7159,-0.4668,-0.8729,-1.1903,-0.7529,-0.37,NaN,NaN,NaN,NaN,NaN,NaN,,,1.65
2017.02.28  11:35:00,7,Ok,0,1,13.079,0,16.078,0,16.85,0,NaN,NaN,NaN,NaN,26.5,0,NaN,NaN,2017.02.28  11:35:00,Ok,390.4095,389.2419,382.2228,364.2809,343.9407,331.2937,321.8826,305.819,279.5537,241.0252,194.3756,156.7248,133.6285,111.4488,88.1564,70.8721,59.159,51.9498,47.4378,43.677,41.1069,39.5535,38.2444,36.3882,34.7054,34.2839,34.1498,33.5113,32.5892,31.7702,31.3722,31.1445,30.626,29.7442,28.868,28.0659,27.2253,26.188,24.838,23.796,23.1646,22.5301,21.8741,20.9914,19.9453,19.2951,19.2094,19.1181,18.7706,18.3018,17.7815,17.3826,17.1876,16.7763,16.0999,15.6684,15.1964,14.2898,13.6418,13.2177,12.7695,12.1357,11.0749,10.0911,9.3152,8.5721,8.7614,9.3724,9.6407,10.2835,10.6712,10.7135,10.7087,10.4453,10.0168,9.6708,9.0311,8.3399,8.3016,8.2637,8.2421,7.916,6.7082,5.7823,5.0006,4.1941,3.3118,2.296,1.7571,1.6672,1.3231,1.1478,1.2965,0.9839,0.5816,0.446,0.0371,-0.2179,-0.2014,-0.4072,-0.6873,-0.6723,-0.6183,-0.6316,-1.1774,-1.6766,-1.3106,-1.0196,-0.9792,-0.5714,-0.4244,-0.6222,-0.545,-1.0988,-2.7011,-3.505,-3.2741,-2.5519,-2.3337,-1.9493,-1.0735,-0.8805,-0.7109,-0.6502,-0.9757,-1.5346,-1.8551,-1.8332,-1.9233,-2.2841,-2.11,-2.2647,-3.6436,-4.8998,-4.7863,-3.7414,-3.4613,-3.968,-4.1964,-4.1814,-3.7664,-3.2117,-2.4938,-2.1025,-1.8796,-1.8229,-2.1093,-2.2947,-2.2004,-2.2027,-2.9986,-2.9508,-2.6775,-2.4814,-2.043,-1.9471,-1.378,-1.3132,-1.7595,-1.6565,-1.8154,-2.0866,-1.7733,-1.7728,-2.4357,-2.6319,-2.4155,-2.0871,-1.0022,-0.2845,-0.4417,-0.5864,-0.7487,-0.7677,-0.7968,-0.8298,-0.756,-0.6529,-0.4344,-0.2602,-0.1075,0.1218,-0.297,-0.1298,0.3038,-0.3904,-0.4145,-0.3186,-0.9094,0.1226,0.7429,-0.1467,-0.2171,0.4199,0.0102,-0.9694,-0.7798,-0.01,-0.0793,-0.7638,-0.5547,-0.2195,-0.676,-0.8019,-0.7392,-1.0949,-0.7401,0.0324,-0.1774,-0.5137,-0.3865,-0.6773,-0.9739,-0.6176,-0.3619,NaN,NaN,NaN,NaN,NaN,NaN,,,2.1
2017.02.28  11:40:00,8,Ok,0,1,18.421,0,15.627,0,16.362,0,NaN,NaN,NaN,NaN,26.5,0,NaN,NaN,2017.02.28  11:40:00,Ok,395.3983,394.3709,388.2512,372.4255,354.146,343.763,339.8752,335.325,320.2674,284.5643,231.7116,185.76,156.1998,126.5091,95.7946,73.8421,59.59,51.3012,46.4691,42.562,39.9785,38.4909,37.2127,35.345,33.6397,33.2163,33.04,32.2842,31.2765,30.4321,30.0467,29.8085,29.3434,28.5587,27.7751,27.1121,26.3869,25.4264,24.1535,23.1791,22.6308,22.0406,21.4081,20.5663,19.528,18.8818,18.7871,18.6868,18.3404,17.8693,17.3956,17.0171,16.8418,16.4258,15.6735,15.2611,14.8499,13.9391,13.3342,12.9883,12.5343,11.8855,10.837,9.8466,9.0662,8.3465,8.5146,9.109,9.4052,10.0495,10.4749,10.5345,10.5497,10.2707,9.7855,9.4324,8.7987,8.1353,8.0924,8.0647,8.0361,7.6779,6.4823,5.59,4.7979,3.9735,3.0875,2.0577,1.5151,1.4198,1.0731,0.8955,1.0741,0.7903,0.3622,0.1904,-0.215,-0.4441,-0.4076,-0.619,-0.9275,-0.9164,-0.8434,-0.843,-1.3876,-1.9042,-1.5478,-1.2526,-1.2168,-0.8204,-0.6553,-0.8365,-0.7905,-1.3403,-2.9351,-3.7517,-3.5298,-2.8184,-2.562,-2.1509,-1.2757,-1.0923,-0.9684,-0.8707,-1.134,-1.665,-2.0291,-2.0658,-2.1666,-2.5118,-2.2819,-2.4765,-3.9062,-5.1427,-5.0283,-3.9567,-3.6834,-4.1976,-4.4574,-4.4408,-3.9906,-3.4309,-2.7555,-2.3827,-2.162,-2.0725,-2.3083,-2.5153,-2.4214,-2.4323,-3.2243,-3.1987,-2.8818,-2.6159,-2.215,-2.1542,-1.5917,-1.4723,-1.9366,-1.865,-1.9887,-2.281,-1.9918,-2.0403,-2.709,-2.821,-2.5404,-2.1828,-1.1516,-0.5589,-0.7481,-0.8003,-0.9217,-0.8965,-0.8397,-0.8736,-1.0134,-0.9419,-0.5542,-0.3617,-0.201,-0.0496,-0.5977,-0.3413,0.0866,-0.6611,-0.6236,-0.658,-1.2108,-0.0391,0.5848,-0.2855,-0.3744,0.2771,-0.0962,-1.1741,-1.0712,-0.256,-0.2203,-0.8128,-0.6949,-0.4415,-0.8665,-1.0612,-1.0001,-1.1786,-0.835,-0.1839,-0.4507,-0.6401,-0.4384,-0.8672,-1.2935,-0.8409,-0.4642,NaN,NaN,NaN,NaN,NaN,NaN,,,1.77
2017.03.16  16:05:00,1,Ok,0,1,2.258,0,4.617,0,12.706,0,NaN,NaN,NaN,NaN,28.7,0,NaN,NaN,2017.03.16  16:05:00,Ok,194.1486,191.0644,184.8824,173.1601,156.7775,139.823,122.9976,105.87,89.6393,74.4483,59.638,47.5926,40.4479,35.1574,29.5376,24.5266,20.4731,17.4992,15.4736,13.1978,11.3954,11.2368,11.6118,10.7507,9.3747,9.3825,10.0524,9.8744,9.0637,8.4033,8.2831,8.4364,8.3167,7.6331,6.9086,6.4912,6.053,5.3311,4.2434,3.3442,3.0427,2.9336,2.5951,1.9612,1.2479,0.8698,1.1345,1.5246,1.6963,1.6966,1.3289,1.3612,1.6817,1.6053,1.1367,0.9472,0.7706,0.003,-0.637,-0.8578,-0.9562,-1.4679,-2.404,-3.4663,-4.1228,-4.7281,-4.4502,-3.4112,-2.6805,-1.9261,-1.477,-1.3367,-1.2539,-1.4079,-1.6542,-1.8752,-2.3375,-2.9467,-2.9379,-2.7631,-2.5062,-2.582,-3.5875,-4.2093,-5.0481,-5.9222,-6.4778,-7.4808,-8.1371,-8.0056,-8.2304,-8.6048,-8.0885,-8.0601,-8.6146,-8.515,-8.7459,-9.2318,-9.0049,-8.9517,-9.4029,-9.2842,-8.8746,-8.849,-9.5485,-9.8245,-9.3117,-9.0565,-8.5918,-8.0004,-7.9718,-8.087,-7.7371,-8.2518,-10.1229,-10.9707,-10.7424,-9.8479,-9.4712,-8.82,-7.6535,-7.3812,-7.0791,-6.9679,-7.2686,-7.7393,-8.0389,-8.1066,-8.218,-8.4264,-8.1771,-8.5364,-9.9749,-11.0352,-10.8849,-9.9118,-9.5597,-9.9311,-10.1625,-10.1993,-9.5763,-8.6067,-7.7274,-7.5951,-7.4977,-7.145,-7.2058,-7.3109,-7.3402,-7.6036,-8.0481,-7.9707,-7.8418,-7.367,-6.8005,-6.5733,-5.9585,-5.9136,-6.5369,-6.3763,-6.3462,-6.6994,-6.3329,-6.3144,-7.0134,-7.1794,-6.7045,-6.2613,-5.1825,-4.6024,-4.6139,-4.4223,-4.6081,-4.6679,-4.6671,-4.8406,-4.5456,-4.1341,-4.138,-4.1797,-3.8712,-3.5443,-3.9465,-3.4194,-3.0151,-4.075,-4.0798,-3.8429,-4.3547,-3.2308,-2.7078,-3.6825,-3.6116,-2.8925,-3.225,-4.1915,-3.87,-3.2086,-3.3359,-3.699,-3.5763,-3.5547,-3.7648,-3.8691,-3.8659,-3.7597,-3.3336,-3.019,-3.3193,-3.4397,-3.1401,-3.4803,-4.0235,-3.8095,-3.4622,NaN,NaN,NaN,NaN,NaN,NaN,,,4.8
2017.03.16  16:10:00,2,Ok,0,1,8.309,0,4.089,0,12.083,0,NaN,NaN,NaN,NaN,28.7,0,NaN,NaN,2017.03.16  16:10:00,Ok,352.1038,349.448,340.1076,319.4914,293.7945,272.6991,251.0475,223.2964,191.464,155.7543,117.5081,87.1431,69.4287,54.8702,39.999,28.8025,21.3386,16.8444,14.3142,11.8377,10.0446,9.9138,10.3381,9.5704,8.2281,8.2235,8.8697,8.6102,7.7339,7.0698,6.9783,7.1736,7.0191,6.3754,5.8138,5.5455,5.2247,4.6248,3.636,2.8189,2.5782,2.508,2.1946,1.592,0.8895,0.4742,0.7873,1.2522,1.3927,1.3705,1.0181,1.0933,1.4934,1.3427,0.8061,0.693,0.6374,-0.076,-0.7249,-0.9114,-1.0349,-1.5466,-2.4128,-3.4359,-4.1213,-4.6908,-4.4133,-3.3934,-2.6403,-1.9039,-1.4006,-1.1625,-0.9224,-0.9977,-1.281,-1.4884,-1.9676,-2.5263,-2.4109,-2.2523,-2.1062,-2.2545,-3.2572,-3.8959,-4.8058,-5.7427,-6.3904,-7.4106,-8.0124,-7.8585,-8.078,-8.4311,-7.9194,-7.9042,-8.4462,-8.3481,-8.598,-9.0791,-8.8262,-8.7896,-9.2224,-9.1061,-8.7062,-8.6751,-9.3419,-9.6084,-9.1381,-8.9029,-8.4356,-7.835,-7.7609,-7.8565,-7.5844,-8.1139,-9.9201,-10.725,-10.457,-9.6122,-9.2798,-8.6125,-7.4277,-7.1403,-6.8948,-6.8549,-7.1556,-7.5465,-7.7741,-7.8635,-8.0231,-8.2691,-7.9804,-8.2966,-9.7155,-10.7888,-10.6563,-9.6811,-9.3081,-9.6418,-9.8757,-9.9488,-9.3562,-8.4095,-7.5367,-7.3398,-7.2528,-6.9505,-6.995,-7.1004,-7.1145,-7.4373,-7.9334,-7.786,-7.6061,-7.1362,-6.6578,-6.5193,-5.9525,-5.7021,-6.1326,-6.1145,-6.2217,-6.614,-6.2135,-6.1067,-6.8174,-7.042,-6.6227,-6.1898,-4.9589,-4.3511,-4.4734,-4.3968,-4.5873,-4.5411,-4.5208,-4.6891,-4.4056,-4.1007,-4.0438,-3.895,-3.5866,-3.4654,-3.9021,-3.2512,-2.7945,-3.7894,-3.8959,-3.7699,-4.3944,-3.1949,-2.4765,-3.4687,-3.3949,-2.6448,-3.0459,-3.9891,-3.6874,-2.9681,-3.3132,-3.9086,-3.577,-3.3005,-3.51,-3.7389,-3.8223,-3.6641,-3.0861,-2.9613,-3.3857,-3.4331,-3.1828,-3.5127,-3.7238,-3.268,-3.1199,NaN,NaN,NaN,NaN,NaN,NaN,,,3.35
2017.03.16  16:15:00,3,Ok,0,1,6.345,0,4.905,0,12.515,0,NaN,NaN,NaN,NaN,28.7,0,NaN,NaN,2017.03.16  16:15:00,Ok,324.6856,321.7365,312.2504,292.484,267.3771,244.2404,220.4006,192.7592,163.5258,132.9094,101.3309,76.3806,61.8617,50.2166,38.2548,28.981,22.6014,18.5816,16.1831,13.8028,12.0085,11.8695,12.3068,11.491,10.1315,10.1373,10.8136,10.5659,9.6749,9.0159,8.8696,9.0282,8.8888,8.2309,7.6161,7.3078,6.9063,6.1938,5.1441,4.303,4.023,3.9124,3.5934,2.9525,2.196,1.7494,2.04,2.4905,2.575,2.458,2.0339,2.1223,2.4462,2.2513,1.7469,1.5789,1.4185,0.6361,0.0139,-0.155,-0.2906,-0.826,-1.8136,-2.8849,-3.5872,-4.1843,-3.8878,-2.8786,-2.1236,-1.3456,-0.852,-0.7201,-0.5525,-0.598,-0.8557,-1.0377,-1.5194,-2.1628,-2.1208,-1.8742,-1.6035,-1.7916,-2.868,-3.5208,-4.4204,-5.3193,-5.9613,-6.9936,-7.5794,-7.4424,-7.6708,-8.0128,-7.5427,-7.5535,-8.0812,-7.9813,-8.2173,-8.6908,-8.4385,-8.4326,-8.8722,-8.7266,-8.3628,-8.3406,-8.9971,-9.2784,-8.8089,-8.5625,-8.1263,-7.5494,-7.4289,-7.4967,-7.261,-7.8206,-9.6145,-10.409,-10.1748,-9.3165,-8.9392,-8.3051,-7.1496,-6.8416,-6.5641,-6.5157,-6.8763,-7.3063,-7.5305,-7.5982,-7.747,-8.0278,-7.7451,-8.0631,-9.4664,-10.506,-10.3996,-9.4381,-9.1047,-9.408,-9.5963,-9.7013,-9.1409,-8.2534,-7.3809,-7.1206,-7.0204,-6.7791,-6.8386,-6.9199,-6.9514,-7.2499,-7.7116,-7.5926,-7.4513,-6.9906,-6.4534,-6.3296,-5.8064,-5.6069,-6.0856,-6.0119,-6.0406,-6.4534,-6.0692,-5.9993,-6.7002,-6.8036,-6.3851,-6.0726,-4.9486,-4.1918,-4.2821,-4.2626,-4.3537,-4.344,-4.3115,-4.406,-4.2021,-3.9234,-3.913,-3.9373,-3.5736,-3.2985,-3.7618,-3.3039,-2.7867,-3.6655,-3.7258,-3.5152,-4.1137,-3.0221,-2.3823,-3.3838,-3.3109,-2.5495,-2.8905,-3.8226,-3.7566,-3.1718,-3.269,-3.6204,-3.3103,-3.226,-3.4239,-3.5648,-3.7621,-3.7713,-3.1833,-2.7434,-3.1769,-3.3453,-3.0261,-3.4611,-3.8525,-3.2807,-2.8198,NaN,NaN,NaN,NaN,NaN,NaN,,,4.05
2017.03.16  16:20:00,4,Ok,0,1,7.141,0,4.043,0,12.004,0,NaN,NaN,NaN,NaN,28.6,0,NaN,NaN,2017.03.16  16:20:00,Ok,326.5224,323.6507,314.4081,294.9972,270.351,247.86,225.0094,197.9352,168.6906,137.5041,104.7463,78.6322,63.2708,50.7249,37.7291,27.655,20.7612,16.5258,14.0734,11.6631,9.8792,9.8269,10.3113,9.4718,8.1052,8.1307,8.7984,8.568,7.6811,6.9567,6.8339,7.039,6.9623,6.335,5.7124,5.4223,5.1146,4.5121,3.5371,2.7093,2.502,2.4546,2.1537,1.5856,0.8804,0.4672,0.7736,1.2995,1.4774,1.3892,1.0473,1.1211,1.5824,1.5499,0.9784,0.7338,0.6478,-0.0357,-0.5935,-0.7299,-0.8765,-1.3958,-2.32,-3.3539,-3.9947,-4.5753,-4.2738,-3.2766,-2.5888,-1.7699,-1.2396,-1.0914,-0.8798,-0.9063,-1.153,-1.3555,-1.8836,-2.5058,-2.4279,-2.1852,-1.8933,-2.0868,-3.218,-3.8706,-4.7126,-5.5819,-6.226,-7.2585,-7.8473,-7.7461,-7.9711,-8.2407,-7.7479,-7.7984,-8.3359,-8.2288,-8.4549,-8.9038,-8.6562,-8.6313,-9.0391,-8.895,-8.5559,-8.5497,-9.177,-9.4384,-8.9654,-8.7026,-8.2391,-7.689,-7.6469,-7.6941,-7.3621,-7.9583,-9.8121,-10.5963,-10.3124,-9.4359,-9.0492,-8.4283,-7.2967,-6.9482,-6.6214,-6.5726,-6.9916,-7.4692,-7.6301,-7.6428,-7.8035,-8.0696,-7.8087,-8.1406,-9.5275,-10.5689,-10.4511,-9.5331,-9.2025,-9.5101,-9.696,-9.7489,-9.1542,-8.2376,-7.4286,-7.2328,-7.0905,-6.7534,-6.7812,-6.9152,-6.9307,-7.2174,-7.6925,-7.6166,-7.4722,-6.9776,-6.3891,-6.2302,-5.8097,-5.6877,-6.1376,-6.0119,-6.0175,-6.3665,-5.9667,-5.9729,-6.7086,-6.7608,-6.2976,-5.9661,-4.8286,-4.3183,-4.4463,-4.2197,-4.3036,-4.3362,-4.3295,-4.3882,-4.1313,-3.8941,-3.9568,-3.9038,-3.5731,-3.2462,-3.6473,-3.207,-2.8691,-3.8146,-3.6752,-3.3382,-3.9919,-3.1296,-2.4772,-3.2578,-3.1235,-2.3653,-2.8891,-3.8981,-3.7174,-3.0469,-3.1033,-3.4997,-3.382,-3.1192,-3.2519,-3.6371,-3.7788,-3.5666,-3.0842,-2.7416,-3.0273,-3.0619,-2.9189,-3.3585,-3.6573,-3.2543,-2.8965,NaN,NaN,NaN,NaN,NaN,NaN,,,3.68
2017.03.16  16:25:00,5,Ok,0,1,6.542,0,4.41,0,12.208,0,NaN,NaN,NaN,NaN,28.6,0,NaN,NaN,2017.03.16  16:25:00,Ok,327.5399,324.6504,314.9136,295.0453,269.9733,246.8368,223.1619,195.2696,165.4463,134.0989,101.449,75.6876,60.8101,48.9529,36.784,27.4292,21.0692,17.1246,14.8174,12.4973,10.7509,10.6967,11.1837,10.3661,8.9811,9.017,9.7255,9.4682,8.5821,7.9012,7.7811,7.964,7.8428,7.1998,6.6206,6.3093,5.9202,5.2936,4.3114,3.4881,3.2251,3.1048,2.7688,2.1573,1.4654,1.0287,1.25,1.7236,1.8779,1.7663,1.4043,1.431,1.7729,1.6998,1.2072,0.9613,0.8422,0.1329,-0.5292,-0.6775,-0.7876,-1.3612,-2.3149,-3.3536,-4.0418,-4.5937,-4.2852,-3.3113,-2.5897,-1.782,-1.2709,-1.0957,-0.8942,-1.0012,-1.253,-1.3995,-1.9055,-2.5506,-2.4981,-2.2545,-1.9969,-2.188,-3.2689,-3.9384,-4.817,-5.6739,-6.3151,-7.3616,-7.9718,-7.8875,-8.1183,-8.3877,-7.9083,-7.9415,-8.4513,-8.3958,-8.6446,-9.055,-8.8087,-8.8126,-9.2098,-9.0685,-8.7597,-8.721,-9.3044,-9.6261,-9.1878,-8.8755,-8.4256,-7.8847,-7.8058,-7.8858,-7.6109,-8.1517,-9.981,-10.7756,-10.5317,-9.67,-9.252,-8.634,-7.5175,-7.174,-6.852,-6.7979,-7.2144,-7.662,-7.8493,-7.8942,-8.0353,-8.3166,-8.0126,-8.3422,-9.7998,-10.8299,-10.6958,-9.7716,-9.4192,-9.7625,-9.9646,-9.9738,-9.3611,-8.4738,-7.6407,-7.419,-7.3661,-7.0599,-7.041,-7.1805,-7.2333,-7.5689,-7.9885,-7.8129,-7.6664,-7.2331,-6.6968,-6.5393,-6.0875,-5.9067,-6.343,-6.308,-6.2869,-6.5764,-6.2506,-6.2806,-7.0561,-7.2006,-6.6472,-6.1741,-5.0762,-4.4543,-4.5513,-4.5066,-4.5709,-4.5666,-4.5747,-4.6457,-4.5345,-4.3385,-4.2212,-4.2424,-3.9913,-3.57,-4.0102,-3.4262,-2.8894,-3.9633,-4.0459,-3.7099,-4.3425,-3.1729,-2.5878,-3.7619,-3.5925,-2.6281,-2.9944,-4.1131,-4.0888,-3.4423,-3.402,-3.7249,-3.5632,-3.4478,-3.6539,-3.8753,-3.9587,-3.951,-3.5959,-3.2417,-3.5591,-3.5126,-3.2111,-3.6618,-4.007,-3.5758,-3.1639,NaN,NaN,NaN,NaN,NaN,NaN,,,3.82
2017.03.16  16:30:00,6,Ok,0,1,7.19,0,4.925,0,12.413,0,NaN,NaN,NaN,NaN,28.5,0,NaN,NaN,2017.03.16  16:30:00,Ok,337.8624,335.3676,325.4436,304.8559,279.9374,257.5948,234.2497,206.5198,175.9521,143.0522,108.7092,81.4581,65.5981,52.8046,39.6333,29.534,22.7301,18.534,16.1146,13.7546,12.0112,11.9523,12.3971,11.5572,10.1943,10.2162,10.8578,10.5761,9.6604,8.9315,8.8122,8.9952,8.8378,8.2049,7.5949,7.2656,6.9046,6.2537,5.2507,4.4182,4.1647,4.0915,3.7584,3.1311,2.403,1.9513,2.2157,2.7018,2.8214,2.7133,2.3643,2.422,2.7345,2.6375,2.1224,1.8674,1.7398,1.0455,0.4309,0.2031,0.0614,-0.4682,-1.4005,-2.4094,-3.1339,-3.7172,-3.3894,-2.3921,-1.6682,-0.8936,-0.4696,-0.2805,-0.0313,-0.1137,-0.3964,-0.6026,-1.0705,-1.7057,-1.6608,-1.4343,-1.2214,-1.3763,-2.4307,-3.1209,-3.975,-4.8832,-5.5972,-6.6353,-7.2041,-7.0987,-7.3389,-7.6101,-7.1301,-7.1798,-7.6897,-7.6307,-7.8848,-8.3021,-8.051,-8.0664,-8.4754,-8.3281,-8.0353,-8.0054,-8.5664,-8.8854,-8.4656,-8.1768,-7.7027,-7.1153,-7.037,-7.1407,-6.9076,-7.4636,-9.2922,-10.0929,-9.8274,-8.9597,-8.5394,-7.9245,-6.8112,-6.4665,-6.171,-6.1572,-6.5835,-6.9931,-7.1459,-7.1917,-7.3369,-7.6105,-7.2975,-7.6532,-9.126,-10.178,-10.0561,-9.0948,-8.7107,-9.0435,-9.2673,-9.3129,-8.7091,-7.8119,-6.9346,-6.6795,-6.6335,-6.3594,-6.3867,-6.549,-6.5098,-6.8066,-7.3097,-7.1688,-7.0167,-6.5835,-6.0118,-5.8725,-5.4092,-5.2294,-5.7397,-5.7026,-5.704,-6.0286,-5.5972,-5.5805,-6.3131,-6.4267,-6.0145,-5.719,-4.5796,-3.8708,-3.8544,-3.8095,-4.0805,-4.0546,-4.0072,-4.0718,-3.8729,-3.5735,-3.4888,-3.5228,-3.2367,-2.9912,-3.405,-2.73,-2.2613,-3.3216,-3.3706,-3.2311,-3.8974,-2.661,-1.9915,-2.9334,-2.8276,-2.1241,-2.5178,-3.5292,-3.3059,-2.6789,-2.8587,-3.3165,-3.1075,-2.9329,-3.063,-3.3046,-3.5136,-3.327,-2.7849,-2.3524,-2.7538,-2.9327,-2.7384,-3.1674,-3.3995,-2.8939,-2.5726,NaN,NaN,NaN,NaN,NaN,NaN,,,3.77
2017.03.16  16:35:00,7,Ok,0,1,6.19,0,4.407,0,12.231,0,NaN,NaN,NaN,NaN,28.5,0,NaN,NaN,2017.03.16  16:35:00,Ok,307.327,305.22,296.6788,277.817,253.7217,230.9806,208.0846,181.9555,154.6754,126.339,96.9572,73.4211,59.6271,48.4842,36.854,27.6887,21.333,17.3087,14.9272,12.5598,10.7911,10.7132,11.1638,10.3106,8.9465,8.9613,9.6144,9.3554,8.4528,7.7533,7.6495,7.8065,7.6493,7.0151,6.4232,6.1335,5.7965,5.1501,4.1289,3.2742,3.0084,2.9557,2.6847,2.0964,1.3782,0.9471,1.2402,1.7529,1.9138,1.846,1.4918,1.5334,1.9276,1.8529,1.3314,1.1395,1.0605,0.374,-0.2516,-0.4356,-0.611,-1.1665,-2.0536,-3.0688,-3.7728,-4.2806,-3.9837,-3.0401,-2.2986,-1.5173,-1.062,-0.8842,-0.6459,-0.7496,-1.0173,-1.2081,-1.6903,-2.2947,-2.259,-2.01,-1.743,-1.9368,-3.0008,-3.6368,-4.4727,-5.3725,-6.0862,-7.117,-7.6707,-7.5547,-7.7891,-8.0597,-7.6022,-7.6629,-8.1548,-8.088,-8.3285,-8.7477,-8.4977,-8.5031,-8.8976,-8.7557,-8.4817,-8.4329,-8.9885,-9.3229,-8.883,-8.5877,-8.1068,-7.566,-7.4664,-7.5308,-7.3135,-7.8549,-9.696,-10.4796,-10.1994,-9.3644,-8.9648,-8.3311,-7.2139,-6.8461,-6.5252,-6.5185,-6.9357,-7.3619,-7.5297,-7.5723,-7.7556,-8.0638,-7.7036,-8.0064,-9.4704,-10.5254,-10.4279,-9.478,-9.0865,-9.4162,-9.6236,-9.637,-9.0408,-8.1633,-7.3378,-7.0976,-6.9653,-6.6911,-6.7382,-6.8176,-6.8253,-7.1762,-7.7005,-7.5305,-7.3294,-6.8901,-6.3444,-6.2454,-5.7568,-5.5386,-5.965,-5.8759,-5.9886,-6.3492,-5.8871,-5.9363,-6.659,-6.718,-6.2876,-5.9087,-4.7955,-4.0927,-4.1267,-4.1257,-4.296,-4.2817,-4.2081,-4.2975,-4.2001,-3.9434,-3.7144,-3.683,-3.5036,-3.1482,-3.5891,-3.1166,-2.6586,-3.6407,-3.6573,-3.4563,-4.0985,-2.9738,-2.2878,-3.2116,-3.0966,-2.4187,-2.9432,-3.8302,-3.6608,-3.0133,-3.0575,-3.5962,-3.3683,-3.0876,-3.3029,-3.537,-3.703,-3.621,-3.0051,-2.6469,-2.9619,-3.1995,-3.0905,-3.3957,-3.6297,-3.1182,-2.7779,NaN,NaN,NaN,NaN,NaN,NaN,,,3.69
2017.03.27  08:35:00,,Ok,0,1,3.1,0,9.426,0,14.749,0,NaN,NaN,NaN,NaN,29,0,NaN,NaN,2017.03.27  08:35:00,Ok,249.335,245.9722,237.998,222.7462,202.4122,181.9687,161.4747,139.9566,119.4701,100.0204,80.8309,65.5968,56.5976,49.8736,42.9844,37.2702,32.7579,29.3859,27.0616,24.7161,23.0916,22.851,23.0524,22.1713,20.6688,20.5483,21.0417,20.7311,19.8911,19.1844,18.9397,18.9885,18.8176,18.0959,17.4056,16.9338,16.3781,15.5538,14.4454,13.4492,12.9933,12.7597,12.3701,11.7389,10.8382,10.3659,10.6282,10.89,10.9004,10.7044,10.3358,10.3568,10.4425,10.1213,9.6126,9.3528,9.0696,8.3084,7.7004,7.3963,7.0277,6.4185,5.5376,4.392,3.5032,2.7287,2.9288,3.9368,4.5178,5.1979,5.5528,5.5659,5.6643,5.6187,5.2597,4.9281,4.3329,3.6418,3.6417,3.9084,3.9004,3.329,2.2985,1.6798,1.1023,0.2613,-0.693,-1.7324,-2.4277,-2.5367,-2.9392,-3.2445,-2.851,-2.9121,-3.3266,-3.4042,-3.719,-4.1801,-3.9825,-4.064,-4.4708,-4.2606,-4.045,-4.0375,-4.5227,-4.8399,-4.5572,-4.2994,-3.7741,-3.2182,-3.2783,-3.2588,-2.8215,-3.5583,-5.4364,-6.2169,-6.1453,-5.3383,-4.793,-4.1379,-3.0089,-2.7335,-2.4907,-2.4086,-2.6738,-3.1115,-3.3541,-3.3445,-3.6054,-4.0004,-3.6095,-3.8178,-5.3957,-6.6637,-6.5157,-5.3705,-5.1251,-5.6155,-5.7031,-5.7135,-5.2252,-4.3549,-3.4831,-3.2246,-2.9344,-2.668,-2.8905,-3.0568,-2.9532,-3.0061,-3.7889,-3.7897,-3.4418,-3.0097,-2.5245,-2.3391,-1.8276,-1.7555,-2.0646,-2.0332,-2.2436,-2.4046,-1.9049,-1.9554,-2.5862,-2.8021,-2.6285,-2.2907,-1.1535,-0.3493,-0.3427,-0.5192,-0.7901,-0.6615,-0.409,-0.3678,-0.2478,-0.1413,-0.0296,0.071,0.2922,0.5924,0.419,0.6604,0.871,0.2142,0.2776,0.3127,-0.3133,0.7023,1.2938,0.3832,0.3494,1.1638,0.7497,-0.1395,0.0253,0.7886,0.7518,0.0504,0.224,0.5268,0.3064,0.1846,0.2094,-0.0281,0.1942,0.9053,0.9653,0.6239,0.5573,0.2957,0.1094,0.6092,0.8747,NaN,NaN,NaN,NaN,NaN,NaN,,,3.37
2017.03.27  08:40:00,,Ok,0,1,0.579,0,9.012,0,14.399,0,NaN,NaN,NaN,NaN,29,0,NaN,NaN,2017.03.27  08:40:00,Ok,128.8465,124.2987,119.1127,111.7386,102.0367,92.0121,82.2278,72.8775,64.5395,57.265,50.455,44.4747,40.5874,38.059,35.3754,32.547,29.7486,27.3113,25.4727,23.4209,21.965,21.8576,22.1326,21.3087,19.8247,19.696,20.2387,19.9518,19.0881,18.3514,18.0856,18.1452,17.9949,17.2963,16.616,16.0997,15.5621,14.8174,13.6789,12.6797,12.2392,12.0191,11.6638,11.0193,10.1861,9.731,9.9648,10.2782,10.3539,10.2272,9.9062,9.7541,9.9777,9.7836,9.1988,9.0027,8.6575,7.9074,7.2882,6.9725,6.6819,6.0851,5.166,4.0488,3.1842,2.4051,2.6116,3.5807,4.1204,4.8165,5.0957,4.9866,4.9673,4.8815,4.4953,4.1591,3.5658,2.8452,2.7724,3.0537,3.1821,2.7328,1.7308,1.1275,0.7009,-0.0291,-0.9755,-1.958,-2.6292,-2.7355,-3.1524,-3.4401,-3.0484,-3.1515,-3.5654,-3.638,-3.9267,-4.3829,-4.1973,-4.267,-4.6687,-4.4602,-4.2495,-4.2106,-4.7258,-5.078,-4.7707,-4.4996,-3.9519,-3.4236,-3.4879,-3.4849,-3.0938,-3.7974,-5.6381,-6.4229,-6.365,-5.5525,-5.0116,-4.3935,-3.3016,-3.0029,-2.7228,-2.6424,-2.8755,-3.3132,-3.5835,-3.5997,-3.8599,-4.2448,-3.8186,-4.038,-5.6799,-6.9493,-6.7701,-5.5901,-5.3538,-5.8396,-5.9205,-5.9521,-5.4586,-4.5859,-3.6564,-3.344,-3.084,-2.8226,-3.0147,-3.1583,-3.0842,-3.173,-3.9165,-3.9162,-3.6258,-3.2254,-2.7859,-2.5702,-1.9388,-1.8614,-2.2639,-2.2598,-2.4568,-2.5709,-2.0224,-2.1178,-2.7666,-2.9706,-2.7909,-2.456,-1.3342,-0.4489,-0.4731,-0.671,-0.8116,-0.6685,-0.4344,-0.3839,-0.4399,-0.3939,-0.2523,-0.1162,0.1319,0.281,0.056,0.4936,0.887,0.0569,0.0096,0.1666,-0.2859,0.7343,1.2368,0.3481,0.2883,1.02,0.6002,-0.3845,-0.1247,0.738,0.6839,0.0055,0.2181,0.5765,0.3298,0.0853,0.1531,-0.0957,-0.0965,0.5604,0.6323,0.3392,0.4966,0.1632,-0.1694,0.4376,0.7134,NaN,NaN,NaN,NaN,NaN,NaN,,,4.18
2017.03.27  08:45:00,,Ok,0,1,0.033,0,12.648,0,16.862,0,NaN,NaN,NaN,NaN,28.9,0,NaN,NaN,2017.03.27  08:45:00,Ok,146.0897,140.417,133.873,124.6524,112.7966,101.1548,91.0528,82.2742,75.4162,70.3871,66.1377,62.1916,59.1542,56.7034,53.6074,49.736,45.4572,41.465,38.0859,34.7067,32.2067,30.9836,30.2254,28.7774,27.0811,26.8261,27.2357,26.9252,26.104,25.3799,25.0774,25.0315,24.7094,23.8197,22.8719,22.0673,21.1981,20.1207,18.7698,17.5617,16.9181,16.5205,15.9745,15.202,14.2522,13.655,13.7398,13.9027,13.858,13.5955,13.1541,12.9714,12.976,12.6551,12.0488,11.6672,11.2664,10.4988,9.8129,9.4097,9.0018,8.3416,7.3731,6.2223,5.3203,4.5295,4.6868,5.5951,6.1073,6.797,7.0854,7.0072,6.9832,6.7752,6.295,5.9656,5.3603,4.5506,4.4632,4.6855,4.7378,4.2643,3.2635,2.657,2.1239,1.3349,0.4277,-0.608,-1.3642,-1.5088,-1.913,-2.2362,-1.8875,-1.9781,-2.4129,-2.5037,-2.8238,-3.2829,-3.1133,-3.2469,-3.6706,-3.469,-3.2372,-3.2059,-3.7655,-4.1378,-3.8366,-3.5725,-3.0632,-2.5241,-2.5563,-2.5725,-2.2181,-2.934,-4.808,-5.6366,-5.5607,-4.7656,-4.2056,-3.5822,-2.5149,-2.2386,-2.0041,-1.8866,-2.118,-2.5823,-2.8877,-2.9255,-3.1546,-3.5241,-3.1452,-3.3874,-5.0346,-6.3116,-6.1387,-4.9823,-4.7504,-5.2211,-5.2947,-5.3095,-4.798,-3.9719,-3.1072,-2.6909,-2.4315,-2.2574,-2.446,-2.6275,-2.5736,-2.6219,-3.3318,-3.3312,-2.9898,-2.6064,-2.2208,-2.02,-1.335,-1.2531,-1.7149,-1.652,-1.8179,-1.9999,-1.4845,-1.5742,-2.2609,-2.4389,-2.2207,-1.8865,-0.8196,0.0356,0.0811,-0.049,-0.2424,-0.2961,-0.1073,0.0885,0.0957,0.0973,0.2403,0.3212,0.5789,0.8738,0.486,0.8277,1.2824,0.4487,0.4506,0.6228,-0.0047,0.9907,1.6069,0.738,0.7627,1.4671,1.055,-0.0487,0.2076,1.1471,1.114,0.6227,0.7529,0.8316,0.5629,0.4708,0.5203,0.2918,0.4263,1.0604,1.0228,0.6797,0.9308,0.6476,0.2988,0.8156,1.0209,NaN,NaN,NaN,NaN,NaN,NaN,,,9.9
2017.03.31  10:10:00,,Ok,35.137,0,9.11,0,10.856,0,11.986,0,NaN,NaN,NaN,NaN,26.6,0,NaN,NaN,2017.03.31  10:10:00,Ok,372.5222,370.3926,360.6901,340.195,315.7479,295.3275,274.8696,247.8546,215.1938,178.3091,138.6685,106.1146,86.6914,71.7669,56.7184,45.4881,37.4939,32.1006,29.3045,26.7,25.5364,26.267,27.2438,26.3472,24.2423,24.5888,25.8179,25.3908,24.0746,23.0582,22.9994,23.3706,23.3612,22.6208,22.0086,21.8907,21.865,21.5679,20.4054,19.3886,19.2919,19.3668,19.2092,18.4933,17.4343,16.889,17.2613,17.874,18.0093,17.7663,17.2795,17.3791,17.7231,17.5633,17.0919,16.9363,17.0458,16.4224,15.617,15.5258,15.6039,15.0878,14.1615,12.9772,11.8455,10.9446,11.5249,12.8764,13.4674,14.1434,14.3889,14.2929,14.6053,14.7045,14.439,14.1707,13.5783,12.5963,12.4264,13.2208,14.2759,14.466,13.3041,11.908,10.8294,9.7351,8.5639,7.6809,7.3052,7.1292,6.6396,6.8179,7.4957,7.3409,6.8498,6.7567,6.1706,5.8736,6.0145,5.7098,5.4833,5.9348,6.3864,6.4225,5.4229,4.8746,5.7934,6.3364,6.5962,7.1357,7.6079,7.64,7.9283,7.4239,4.6686,3.3156,3.956,5.1074,5.9207,6.8129,7.7831,8.1369,8.4727,8.4231,7.8308,7.4454,7.2937,7.1578,6.7445,6.5719,7.4109,7.3015,5.0384,3.3507,4.0248,5.1187,5.7934,5.5491,4.8676,4.7526,5.4949,6.8575,7.7332,7.5858,7.6005,8.0955,8.1775,7.919,7.7089,7.4967,6.8211,6.658,6.8762,7.4743,8.224,8.6668,9.1167,8.8413,8.4266,8.7095,8.3835,8.0422,8.5538,8.2963,7.3685,7.2175,7.5647,8.2334,9.6743,10.384,10.3242,10.7049,10.4123,9.9507,9.8212,9.874,9.9607,9.7885,9.9362,10.4431,10.7137,10.891,10.3277,10.5191,11.0751,10.5359,10.4147,10.3426,10.2597,11.3386,11.6013,10.9201,10.97,11.3971,11.1273,10.3032,10.4325,11.1736,11.2832,10.5328,10.3638,10.8525,10.9926,10.4305,9.9267,10.0447,10.7023,11.75,11.5392,10.7985,10.8192,10.4249,10.2648,11.0795,11.4862,NaN,NaN,NaN,NaN,NaN,NaN,,,3.32
2017.03.31  10:15:00,,Ok,34.88,0,10.273,0,10.667,0,11.973,0,NaN,NaN,NaN,NaN,26.6,0,NaN,NaN,2017.03.31  10:15:00,Ok,379.9724,377.0754,368.1988,348.2304,324.6521,305.469,287.5432,262.9503,230.539,191.2242,148.0049,112.5841,91.3879,74.757,58.0386,45.7711,37.2659,31.6833,28.836,26.1942,25.0378,25.799,26.8296,25.9613,23.8179,24.1507,25.3709,24.9645,23.6765,22.6345,22.5507,22.9332,22.9583,22.2764,21.6745,21.5263,21.4928,21.2516,20.1472,19.1861,19.07,19.092,18.9743,18.2881,17.2574,16.7107,17.037,17.6942,17.9114,17.6603,17.151,17.1855,17.5405,17.4903,17.096,16.8476,16.7851,16.2673,15.5811,15.4466,15.4762,14.9621,14.0825,12.9195,11.7877,10.8724,11.434,12.7534,13.3736,14.0832,14.3414,14.2665,14.5085,14.5447,14.3521,14.1317,13.5413,12.5198,12.3145,13.0605,14.1863,14.4634,13.1953,11.761,10.7169,9.6699,8.5115,7.5949,7.2035,7.01,6.5241,6.7132,7.4112,7.25,6.7313,6.6781,6.108,5.7955,5.8893,5.5656,5.3687,5.8204,6.2761,6.3278,5.3042,4.7322,5.6895,6.2883,6.5346,7.014,7.4764,7.5503,7.8551,7.33,4.5561,3.1532,3.7833,4.932,5.7782,6.7409,7.6735,8.0026,8.3987,8.3355,7.7175,7.2865,7.1106,7.0122,6.6267,6.4736,7.3433,7.2074,4.9179,3.2427,3.8931,4.9827,5.6368,5.4146,4.7567,4.6461,5.3847,6.7146,7.5924,7.4575,7.4552,7.9844,8.1006,7.8031,7.5918,7.4761,6.7267,6.5554,6.8326,7.3994,8.1726,8.6426,9.0888,8.7271,8.2362,8.6222,8.39,8.015,8.433,8.1033,7.2136,7.1638,7.5721,8.1704,9.5096,10.2257,10.2284,10.6196,10.4152,9.8964,9.6848,9.8589,10.0078,9.7986,9.9692,10.3051,10.4237,10.5864,10.2117,10.6212,10.9576,10.3227,10.4077,10.2954,10.0819,11.1112,11.3941,10.8108,10.9946,11.4703,11.1824,10.1534,10.1361,10.9551,11.1678,10.4316,10.1997,10.6361,10.826,10.3674,9.9288,9.9328,10.5038,11.489,11.2631,10.7144,10.8139,10.1937,9.9778,11.0772,11.561,NaN,NaN,NaN,NaN,NaN,NaN,,,2.95
2017.03.31  10:20:00,,Ok,35.308,0,8.179,0,11.237,0,12.245,0,NaN,NaN,NaN,NaN,26.5,0,NaN,NaN,2017.03.31  10:20:00,Ok,365.9471,362.7576,353.2811,332.5011,307.5952,285.8399,263.5014,235.5612,203.3371,168.0024,131.0254,100.7365,82.7128,69.196,55.582,45.326,37.9182,32.8011,30.1176,27.5438,26.4191,27.1773,28.1695,27.2943,25.1753,25.5054,26.7253,26.3723,25.1171,24.0583,23.9794,24.3585,24.3837,23.6705,23.049,22.9112,22.8359,22.5309,21.3729,20.3678,20.2122,20.2231,20.079,19.3523,18.2881,17.7223,18.0309,18.6398,18.8514,18.5708,17.9354,18.0383,18.4064,18.2163,17.7754,17.5454,17.5009,16.9197,16.1948,16.0032,16.0056,15.5321,14.6308,13.4171,12.2679,11.3624,11.9076,13.2277,13.8021,14.4843,14.7759,14.6938,14.888,14.8941,14.7038,14.4751,13.8444,12.8397,12.6889,13.4783,14.5618,14.7629,13.5048,12.1095,11.0674,9.9629,8.7712,7.8664,7.48,7.3024,6.8327,7.0053,7.7009,7.5367,7.0124,6.9619,6.3838,6.0542,6.1766,5.8718,5.6504,6.1054,6.5665,6.6108,5.5818,5.0275,5.98,6.5402,6.7723,7.2903,7.7513,7.7877,8.0854,7.5943,4.8362,3.4381,4.0898,5.2096,6.0321,6.9608,7.9067,8.288,8.6622,8.5876,7.9671,7.516,7.3287,7.2205,6.8597,6.7538,7.6204,7.4583,5.1593,3.4543,4.1344,5.2489,5.8788,5.6499,5.0073,4.8721,5.5786,6.9331,7.8059,7.6897,7.791,8.2877,8.2758,8.0063,7.8007,7.6105,6.9524,6.8015,7.0222,7.5871,8.3077,8.7949,9.3124,8.9304,8.4031,8.7695,8.4641,8.1316,8.5617,8.2979,7.4244,7.3197,7.697,8.2363,9.6124,10.4218,10.3411,10.6594,10.4338,9.9913,9.8308,9.8346,10.0596,10.0166,10.077,10.4184,10.6755,10.8291,10.3271,10.6019,11.019,10.498,10.5589,10.422,10.2825,11.4191,11.6245,10.9157,11.0826,11.5842,11.3725,10.3887,10.1871,10.9822,11.3386,10.5929,10.415,10.8023,10.8188,10.3259,10.0375,10.2172,10.8523,11.6988,11.4432,10.8713,10.9205,10.3693,10.2171,11.1508,11.5226,NaN,NaN,NaN,NaN,NaN,NaN,,,3.37
2017.03.31  10:25:00,,Ok,34.722,0,10.977,0,10.567,0,11.837,0,NaN,NaN,NaN,NaN,26.5,0,NaN,NaN,2017.03.31  10:25:00,Ok,383.1988,380.6772,371.1732,351.4196,327.9971,310.7038,294.3331,270.3142,237.8317,197.9228,153.3784,116.6317,94.4928,76.8296,59.0789,46.1424,37.2516,31.4884,28.5994,25.9428,24.7811,25.5324,26.5617,25.7323,23.6254,23.9402,25.1319,24.7154,23.4159,22.3596,22.2809,22.65,22.6892,22.014,21.4342,21.3316,21.2974,21.0268,19.934,18.975,18.8659,18.9363,18.8188,18.1017,17.0906,16.6034,16.9173,17.5175,17.774,17.5147,16.9863,17.0435,17.3985,17.387,16.9642,16.7339,16.7848,16.1987,15.4134,15.2838,15.397,14.8991,13.9687,12.7741,11.654,10.7765,11.3458,12.6496,13.2624,13.9887,14.2634,14.1419,14.404,14.5179,14.2932,14.0556,13.4838,12.4375,12.2575,13.0282,14.1084,14.3791,13.1511,11.7216,10.6405,9.5714,8.4237,7.4962,7.1589,7.009,6.5,6.6797,7.3858,7.2217,6.7001,6.653,6.0781,5.7477,5.872,5.5971,5.3815,5.7881,6.2432,6.3101,5.3006,4.729,5.6522,6.207,6.4768,7.0065,7.4464,7.4458,7.7714,7.3485,4.574,3.192,3.8447,4.9763,5.7689,6.7192,7.6858,8.0147,8.3576,8.3034,7.7125,7.2831,7.1222,7.0083,6.5928,6.4984,7.3381,7.1645,4.958,3.2878,3.9462,5.0327,5.6467,5.429,4.7878,4.66,5.3823,6.7088,7.5892,7.4216,7.4906,8.0169,8.0182,7.7692,7.5621,7.3585,6.6472,6.5276,6.7832,7.2969,8.0685,8.5594,9.0427,8.7244,8.1944,8.4971,8.3495,8.0212,8.4293,8.1092,7.1978,7.1339,7.5485,8.1414,9.4787,10.2165,10.1232,10.4434,10.3166,9.8868,9.6623,9.7349,9.8661,9.7218,9.9664,10.398,10.5317,10.6201,10.191,10.5096,10.8932,10.3025,10.3795,10.1692,10.0289,11.2967,11.5491,10.8106,10.8366,11.3084,11.1176,10.3031,10.2263,10.8384,11.08,10.5093,10.4354,10.7735,10.6295,10.1517,9.8539,10.0175,10.6694,11.5562,11.2856,10.6126,10.5622,10.0228,9.8465,10.9246,11.596,NaN,NaN,NaN,NaN,NaN,NaN,,,3.06
2017.03.31  10:30:00,,Ok,34.771,0,9.615,0,10.887,0,12.123,0,NaN,NaN,NaN,NaN,26.5,0,NaN,NaN,2017.03.31  10:30:00,Ok,376.252,373.4507,364.4375,344.0932,319.4944,300.1466,280.5492,254.1668,221.5949,183.7069,142.7823,109.1442,89.0163,73.3509,57.5827,45.9212,37.6931,32.2209,29.3978,26.7635,25.5898,26.3225,27.3105,26.4285,24.3533,24.6888,25.8743,25.4642,24.1874,23.1394,23.0678,23.452,23.4726,22.7871,22.1548,22.0028,21.9775,21.6953,20.5671,19.5713,19.4617,19.5197,19.3684,18.6367,17.6103,17.0869,17.4021,18.0063,18.2298,17.9444,17.3594,17.4178,17.8158,17.7288,17.2503,16.9802,17.0433,16.48,15.7307,15.6001,15.6127,15.1439,14.2077,13.0174,11.8748,10.9437,11.5197,12.8712,13.4685,14.1497,14.3662,14.2688,14.5754,14.6767,14.4565,14.1545,13.5218,12.5699,12.4472,13.1545,14.2103,14.4473,13.2199,11.8185,10.7454,9.6706,8.5157,7.5929,7.2173,7.0512,6.5723,6.7432,7.4127,7.267,6.775,6.693,6.1258,5.7897,5.8935,5.6281,5.4098,5.8215,6.2696,6.3083,5.3067,4.7745,5.7146,6.2699,6.5355,7.0606,7.5277,7.5532,7.828,7.3324,4.5828,3.2142,3.8506,4.9887,5.7709,6.6963,7.7149,8.0759,8.4343,8.3761,7.7406,7.3046,7.1814,7.097,6.6897,6.5104,7.3014,7.1682,4.969,3.2849,3.9315,5.0277,5.6808,5.4788,4.8128,4.6728,5.3768,6.698,7.613,7.4715,7.5507,8.0535,8.0338,7.8262,7.6157,7.4616,6.7225,6.5469,6.8224,7.3814,8.1223,8.5707,9.0413,8.7376,8.3224,8.6473,8.336,7.9924,8.3212,8.0675,7.275,7.2047,7.5743,8.1292,9.5221,10.3371,10.2523,10.4932,10.269,9.8387,9.7644,9.8417,10.0186,9.763,9.7356,10.2685,10.5346,10.5608,10.1204,10.5036,10.9091,10.4069,10.5395,10.2911,9.9283,11.2176,11.658,10.8955,11.0065,11.3522,11.15,10.2637,10.1387,10.9313,11.2281,10.5529,10.2874,10.6411,10.866,10.3676,9.7325,9.9235,10.7598,11.6678,11.3674,10.7659,10.743,10.1237,9.9968,11.0458,11.6164,NaN,NaN,NaN,NaN,NaN,NaN,,,3.06
